Name,Location,Categories,Rating,Price,Reviews
Unconventional Diner,"Washington, DC",New American,4.4,$$,2787
L'Ardente,"Washington, DC",Italian,4.5,,1104
Old Ebbitt Grill,"Washington, DC",Bars,4.2,$$,10772
Grazie Nonna,"Washington, DC",Italian,4.1,,452
Gypsy Kitchen DC,"Washington, DC",Tapas/Small Plates,4.3,,883
Le Diplomate,"Washington, DC",Brasseries,4.3,$$$,5255
G.O.A.T. Room,"Washington, DC",Indian,4.6,,108
ANJU,"Washington, DC",Korean,4.3,$$,537
Boqueria Penn Quarter,"Washington, DC",Spanish,4.3,$$,514
dLeña,"Washington, DC",Mexican,4.4,$$$,952
Umai Nori,"Washington, DC",Sushi Bars,4.9,,59
CR NoMa,"Washington, DC",Mediterranean,4.4,$$,170
Founding Farmers - Washington,"Washington, DC",American,4.0,$$,16944
The Best Sandwich Place,"Washington, DC",Breakfast & Brunch,4.5,$$,321
Baan Siam,"Washington, DC",Thai,4.5,$$,608
Pisco y Nazca Ceviche Gastrobar,"Washington, DC",Peruvian,4.6,$$,2490
The Hamilton,"Washington, DC",Seafood,3.9,$$,3554
Benitos Place,"Washington, DC",Latin American,4.8,$$,139
Mazi,"Washington, DC",New American,4.5,$$$,360
Sixty Vines,"Washington, DC",Wine Bars,4.6,,28
Love Makoto,"Washington, DC",Japanese,4.4,$$$$,293
Immigrant Food,"Washington, DC",New American,4.2,$$,197
Rumi’s Kitchen,"Washington, DC",Persian/Iranian,4.5,$$$,684
Reren,"Washington, DC",Ramen,4.0,$$,2346
Sampannee,"Washington, DC",Thai,4.3,,124
The Smith,"Washington, DC",New American,3.8,$$,1532
Astoria DC,"Washington, DC",Szechuan,4.3,$$,418
Coco Lezzone,"Washington, DC",Mediterranean,5.0,,54
A Baked Joint,"Washington, DC",Coffee & Tea,4.4,$$,2503
Georgetown Seafood,"Washington, DC",Seafood,4.8,,275
St James - Modern Caribbean,"Washington, DC",Caribbean,4.3,,318
Gordon Ramsay Street Pizza,"Washington, DC",Pizza,3.8,,39
Soupy Dumpling & Fancy Cuppa Bubble Tea,"Washington, DC",Chinese,4.6,,37
Da Hong Pao,"Washington, DC",Cantonese,3.8,$$,1049
Dumpling District,"Washington, DC",Dim Sum,4.2,,75
Cucina Morini,"Washington, DC",Italian,4.6,,45
Rice Bar,"Washington, DC",Korean,4.6,,225
Tiger Fork,"Washington, DC",Chinese,3.9,$$,877
Planta Cocina,"Washington, DC",Vegan,4.5,,31
St. Anselm,"Washington, DC",Steakhouses,4.4,$$$,986
Maydan,"Washington, DC",Moroccan,4.4,$$$$,1176
Pastis,"Washington, DC",French,4.4,,87
Commissary,"Washington, DC",Coffee & Tea,3.9,$$,1560
il Canale,"Washington, DC",Italian,4.3,$$,4751
The Capital Burger,"Washington, DC",Burgers,4.3,$$,933
JINYA Ramen Bar - Logan Circle,"Washington, DC",Ramen,4.1,$$,1283
Chiko,"Washington, DC",Chinese,4.4,$$,362
1914 By Kolben,"Washington, DC",Vietnamese,4.6,$$,133
Nina May,"Washington, DC",New American,4.4,$$$,398
Thip Khao,"Washington, DC",Laotian,4.4,$$,1420
Carmelina's,Boston,Italian,4.5,$$$,3701
The Salty Pig,Boston,New American,4.2,$$,1939
JiangNan Boston,Boston,Chinese,4.3,$$,221
Saltie Girl,Boston,Seafood,4.2,$$$,2182
Isabella Ristorante,Boston,Italian,4.5,$$,404
Krasi,Boston,Mediterranean,4.6,$$,464
Cafe Bonjour,Boston,Breakfast & Brunch,4.7,$$,866
Boston Sail Loft,Boston,Bars,4.3,$$,1542
Little Whale,Boston,Bars,4.3,,141
Neptune Oyster,Boston,Seafood,4.3,$$$,6336
The Friendly Toast - Boston,Boston,Bars,4.3,$$,3077
Fox And The Knife,Boston,Wine Bars,4.3,$$$,461
Ma Maison,Boston,French,4.4,$$,498
Gigi,Boston,Italian,4.3,$$,119
Toro,Boston,Tapas Bars,4.2,$$$,2541
Buttermilk & Bourbon,Boston,Southern,4.0,$$$,1133
Mike & Patty's Bay Village,Boston,Sandwiches,4.4,$$,2162
French Quarter,Boston,Bars,4.1,$$,284
Row 34,Boston,New American,4.2,$$$,1861
Lolita Cocina & Tequila Bar,Boston,Mexican,4.0,$$,2518
Bostonia Public House,Boston,New American,4.2,$$$,2051
KAVA neo-taverna,Boston,Greek,4.3,$$$,505
Giacomo's Ristorante - Boston,Boston,Italian,4.2,$$,4225
Dynasty,Boston,Cantonese,4.3,,138
Bootleg Special,Boston,Cajun/Creole,4.0,$$,1146
Citrus & Salt,Boston,Cocktail Bars,3.9,$$,945
Barcelona Wine Bar South End,Boston,Spanish,4.4,$$,1501
Tora Japanese Restaurant,Boston,Japanese,4.4,$$,812
Zhi Wei Cafe,Boston,Chinese,4.4,,69
Yvonne's,Boston,New American,4.1,$$$,1475
The Elephant Walk,Boston,Cambodian,4.3,$$,303
Mooncusser,Boston,Seafood,4.4,$$$,178
The Banks Seafood and Steak,Boston,Seafood,4.2,$$$,274
1928 Beacon Hill,Boston,American,4.1,$$$,159
Pauli's,Boston,Sandwiches,4.3,$$,1567
Luke's Lobster Back Bay,Boston,Seafood,4.2,$$,2077
Atlantic Fish,Boston,Seafood,4.2,$$$,3145
Ostra,Boston,Seafood,4.4,$$$$,634
Amar ,Boston,Portuguese,4.1,,32
Yume Ga Arukara,Boston,Japanese,4.6,,61
Boqueria Seaport,Boston,Spanish,4.0,,76
Milkweed,Boston,New American,4.2,$$,1117
Table,Boston,Italian,3.8,$$$$,202
Contessa - Boston,Boston,Italian,3.8,$$$$,521
REDWHITE BONELESS RAMEN ,Boston,Sushi Bars,4.3,$$,469
4th Wall Restaurant & Bar,Boston,Pubs,4.1,$$,197
The Capital Burger,Boston,Burgers,4.3,$$,268
Sekali Boston,Boston,Malaysian,5.0,,6
Moxies,Boston,New American,3.8,,88
Oleana Restaurant,Cambridge,Mediterranean,4.3,$$$,1827
Casa d'Paco,Newark,Spanish,4.6,$$$,981
The Yard - Newark,Newark,American,4.6,$$,156
Tops Diner,East Newark,Diners,4.4,$$,4583
Sabor Unido,Newark,Portuguese,4.6,$$,522
Fornos of Spain Restaurant,Newark,Spanish,4.0,$$$,1037
Ellie's Bistro,Newark,Bars,4.3,,44
Brick City Market,Newark,Juice Bars & Smoothies,4.6,,46
Five Corners Ristorante,Newark,Italian,4.7,$$$,44
Burke’s Tavern,Newark,New American,4.5,$$,72
Tiam Tiam,Harrison,Japanese,4.7,,161
O Pipo Tavern,Newark,Portuguese,4.6,$$,73
Cornbread - Newark,Newark,Southern,4.2,$$,132
Sihana Café,Newark,Coffee & Tea,4.4,$$,125
Bello's Pub & Grill,Newark,American,4.3,$$,236
Konoz Restaurant,Newark,Empanadas,4.7,$$,42
Spanish Tavern,Newark,Spanish,4.1,$$,331
Victory Grille,Newark,Sports Bars,4.0,,4
Q'tal Bar & Grill,Kearny,New American,4.4,$$,143
Taino's Kitchen,Newark,Puerto Rican,4.6,,19
Hobby's Delicatessen & Restaurant,Newark,Wraps,4.3,$$,318
Ramen Gami,Newark,Ramen,4.4,$$,261
Peru Taypa Bar & Grill,Newark,Peruvian,4.0,,9
Fernandes Steak House,Newark,Portuguese,3.9,$$$,755
Deluxe Diner,Newark,Cafes,4.5,$$,107
Taste of Portugal,Newark,Portuguese,4.1,$$,159
La Fiamma,Harrison,Italian,4.5,$$,194
Redd's Biergarten,Newark,German,3.7,$$,188
American Whiskey Newark,Newark,Whiskey Bars,3.5,,31
Dario's Restaurant,Newark,Mexican,4.4,$,237
Ted’s Bar & Grill,Newark,American,3.5,,18
Mercato Tomato Pie,Newark,Pizza,3.7,$$,380
Mulberry Street Pizza,Newark,Pizza,5.0,,2
Blueprint Cafe Lounge,Newark,Cafes,4.5,$$,191
Teixeira's Bakery,Newark,Bakeries,4.6,$,303
Swahili Village,Newark,African,4.1,$$$,163
Mompou Tapas Bar & Restaurant,Newark,Spanish,3.8,$$,514
Tribos Peri Peri Chicken - Newark,Newark,Halal,4.5,$$,14
La Cocina,Newark,Latin American,4.4,$$,186
Kinjo,Newark,Sushi Bars,3.9,,44
Eleazar Steakhouse,Harrison,Steakhouses,4.5,$$,53
Casa Vasca,Newark,Spanish,4.1,$$,271
Go Go Curry Newark,Newark,Japanese Curry,4.5,,53
Mishtaan - Taste the Legacy,Harrison,Indian,4.8,,5
Manny’s BBQ & Restaurant ,Newark,Delis,5.0,,1
Tossed NJ,Newark,Salad,4.6,,25
Takorea BBQ,Harrison,Korean,4.0,$$,448
El Macho Tacqueria & Restaurant,Harrison,Tacos,4.5,$,86
The Greenroom,Harrison,Bars,4.3,$$,54
BulgogiZip,Newark,Barbeque,4.3,$,65
Mama J's Cafe,Newark,Cafes,5.0,,1
CLOCK Restoration,Baltimore,Cocktail Bars,4.4,,122
Thames Street Oyster House,Baltimore,Seafood,4.5,$$$,3189
The Food Market,Baltimore,New American,4.3,$$,1467
Clavel,Baltimore,Bars,4.4,$$,997
Costiera,Baltimore,Mediterranean,4.7,,29
Ekiben,Baltimore,Asian Fusion,4.8,$$,1856
Ammoora,Baltimore,Mediterranean,4.4,$$$$,122
Topside,Baltimore,New American,4.0,$$$,348
Toki Underground,Baltimore,Ramen,4.5,$$,99
Yebo Kitchen,Baltimore,New American,4.1,,70
foraged. a hyper-seasonal eatery,Baltimore,New American,4.2,,155
Alma Cocina Latina,Baltimore,Venezuelan,4.3,$$$,479
Puerto 511,Baltimore,Peruvian,4.6,$$,482
Charmed.,Baltimore,New American,4.6,,96
Miss Shirley's Cafe,Baltimore,Breakfast & Brunch,4.1,$$,3523
Blackwall Hitch,Baltimore,New American,3.9,$$,901
Nancy by SNAC,Baltimore,Breakfast & Brunch,4.8,$,27
CookHouse,Baltimore,New American,4.7,,60
Magdalena A Maryland Bistro,Baltimore,New American,4.4,$$$,165
Charleston,Baltimore,New American,4.5,$$$$,701
Angie's Seafood,Baltimore,Seafood,4.4,$$,1122
Monarque,Baltimore,French,4.3,,217
The Buttonwood,Baltimore,Vietnamese,4.3,,8
Mera Kitchen Collective,Baltimore,Wine Bars,4.8,,81
Peter Chang Baltimore,Baltimore,Chinese,4.2,$$,55
The Tilted Row,Baltimore,Cocktail Bars,4.6,$$,147
La Calle,Baltimore,Mexican,4.6,$$,288
My Thai Go,Baltimore,Noodles,4.8,,11
Bondhouse Kitchen,Baltimore,New American,4.4,$$,135
The Dara,Baltimore,Thai,4.3,,69
The Brewer's Art,Baltimore,Breweries,4.2,$$,1107
Tagliata,Baltimore,Italian,4.2,$$$,701
Bunny's Buckets & Bubbles,Baltimore,Chicken Shop,4.4,$$,139
Chachis,Baltimore,New American,4.7,,15
Underground Pizza,Baltimore,Pizza,4.4,$$,436
Spring Cafe,Baltimore,Cafes,4.9,,84
Kong Pocha,Baltimore,Korean,4.4,$$,199
The Water Street Tavern & Key West Patio Bar,Baltimore,American,4.0,$$,329
Pitamore,Baltimore,Mediterranean,4.6,$,158
LOTE 787,Baltimore,Food Trucks,5.0,,3
Kajiken,Baltimore,Ramen,4.5,,104
Harbor Tandoor,Baltimore,Indian,4.8,$$,190
La Barrita Restobar,Baltimore,Steakhouses,4.5,,174
Ramen Utsuke,Baltimore,Ramen,4.4,$$,483
B&O American Brasserie,Baltimore,New American,3.8,$$,630
DosiRock,Baltimore,Korean,4.9,,13
Dooby's,Baltimore,Coffee & Tea,4.0,$$,714
Ovenbird Bakery,Baltimore,Bakeries,4.7,$,221
Dalesio's Of Little Italy,Baltimore,Italian,4.3,$$,344
Cafe 1908,Baltimore,Seafood,4.3,,80
The Pink Door,Seattle,Italian,4.4,$$,7241
Biscuit Bitch,Seattle,Breakfast & Brunch,4.2,$$,4813
Shaker + Spear,Seattle,Seafood,4.4,$$,1105
Biang Biang Noodles,Seattle,Noodles,4.3,$$,1316
Kedai Makan,Seattle,Malaysian,4.2,$$,1415
Tilikum Place Cafe,Seattle,New American,4.3,$$,2292
Radiator Whiskey,Seattle,New American,4.4,$$,1428
2120,Seattle,New American,4.3,$$$,672
List,Seattle,Tapas/Small Plates,4.3,$$,2132
Ludi's Restaurant & Lounge,Seattle,American,4.8,$$,295
Paju,Seattle,Korean,4.5,$$,330
Chan Seattle,Seattle,Asian Fusion,4.3,$$$,1069
Lola,Seattle,Greek,4.1,$$,4361
Katsu-ya Seattle,Seattle,Sushi Bars,4.4,$$,299
Tanoor,Seattle,Lebanese,4.5,$$,283
Von's 1000 Spirits,Seattle,New American,4.5,$$,3211
Kobuta And Ookami,Seattle,Japanese,4.3,$$,492
Six Seven Restaurant,Seattle,New American,4.0,$$$,1283
Nue,Seattle,Tapas/Small Plates,4.2,$$,1500
Old Stove Brewing - Pike Place,Seattle,Brewpubs,4.3,$$,1177
D' La Santa,Seattle,Mexican,4.6,$$,457
re:public,Seattle,New American,3.8,$$,670
Pike Place Chowder,Seattle,Seafood,4.4,$$,9171
Itsumono Seattle,Seattle,Bars,4.3,,114
Piroshky Piroshky,Seattle,Bakeries,4.3,$,7658
Taurus Ox,Seattle,Laotian,4.6,$$,482
Skalka,Seattle,Breakfast & Brunch,4.5,$$,1022
Cascina Spinasse,Seattle,Italian,4.4,$$$,1387
Rondo,Seattle,Sushi Bars,4.4,$$,585
Lil Pocha,Seattle,Korean,4.5,,2
KAS,Seattle,Asian Fusion,4.9,,32
Shinya Shokudo - Seattle,Seattle,Izakaya,4.3,$$$,875
Bangrak Market,Seattle,Bars,4.2,$$,1498
LOCAL Public Eatery Terry Ave,Seattle,Bars,3.9,$$,585
Petra Bistro,Seattle,Mediterranean,4.3,$$,1151
Maria Sabina Mexican Restaurant & Bar,Seattle,Mexican,4.5,$$,79
Café Hagen,Seattle,Scandinavian,4.2,$$,383
Toulouse Petit Kitchen & Lounge,Seattle,Cajun/Creole,4.0,$$,5137
Café Hagen,Seattle,Cafes,4.7,,15
Duke’s Seafood South Lake Union,Seattle,Seafood,4.0,$$,1348
Cook Weaver,Seattle,Modern European,4.6,$$,260
Haerfest,Seattle,Italian,4.8,,23
Biscuit Bitch,Seattle,Breakfast & Brunch,4.3,$$,1748
Bleuwiches,Seattle,Sandwiches,4.7,,26
The Carlile Room,Seattle,New American,4.0,$$,534
The Butcher's Table,Seattle,Steakhouses,4.1,$$$$,725
Half Shell,Seattle,Bars,4.5,,25
The White Swan Public House,Seattle,Bars,3.9,$$,429
Ba Bar Green,Seattle,Vietnamese,4.5,,37
Kalabaw Bar & Kitchen,Seattle,Asian Fusion,4.6,,23
The Poppy and Parliament,Huntsville,Pubs,4.4,$$,253
Stovehouse,Huntsville,Venues & Event Spaces,4.5,$$,54
Hound and Harvest,Huntsville,Coffee & Tea,4.3,$$,54
Char Restaurant,Huntsville,Steakhouses,4.3,$$,303
Mazzara’s Vinoteca,Huntsville,Italian,4.6,,115
Purveyor Huntsville,Huntsville,Tapas Bars,4.2,$$,174
Seoul Good - Korean Fried Chicken,Huntsville,Korean,4.0,,17
Phat Sammy's,Huntsville,Tiki Bars,4.1,$$,114
MELT,Huntsville,Sandwiches,4.3,$$,277
CO/OP Community Bar & Table,Huntsville,Southern,4.0,$$$,65
Rhythm On Monroe,Huntsville,American,3.8,$$,122
Cotton Row Restaurant,Huntsville,New American,4.1,$$$,367
Le Petit Bijou by Domaine South,Huntsville,New American,4.6,,10
The Cozy Cow,Huntsville,Ice Cream & Frozen Yogurt,4.3,$,94
The Social,Huntsville,New American,5.0,,4
Sea Salt Urban Osyter Bar,Huntsville,Seafood,4.0,,30
BeeZr,Huntsville,Gastropubs,4.3,,75
Fresko Grille Modern Mediterranean,Huntsville,Mediterranean,4.4,$$,102
Blue Plate Cafe,Huntsville,Southern,4.0,$$,290
Jack Brown's Beer & Burger Joint - Huntsville,Huntsville,Burgers,4.4,$$,230
The Standard Social Market,Huntsville,Breakfast & Brunch,3.9,$$,62
Parlor Doughnuts,Huntsville,Coffee & Tea,4.3,,50
Betty Mae's,Huntsville,Soul Food,4.4,$$,134
Ale's Kitchen,Huntsville,Burgers,4.2,$$,52
1892 East Restaurant & Tavern,Huntsville,New American,4.0,$$,282
Revivalist,Huntsville,New American,3.8,,67
The Bottle,Huntsville,New American,4.2,$$$,195
New Orleans Lunchbox Restaurant,Huntsville,Barbeque,4.3,$$,57
The R,Huntsville,Breakfast & Brunch,4.3,$$,6
Stone Age Korean BBQ,Huntsville,Korean,4.0,,163
Earth and Stone Wood Fired Pizza,Huntsville,Pizza,4.1,$$,200
Charlie Foster’s Espresso Wine Bar,Huntsville,Coffee & Tea,4.3,$,34
Wok’s Up Chinese Food,Huntsville,Chinese,3.8,,19
Bonchon,Huntsville,Chicken Wings,3.3,,27
House of Kabob,Huntsville,Persian/Iranian,4.6,$$,72
Mozza Pizza Restaurant,Huntsville,Pizza,4.3,$$,67
Commerce Kitchen,Huntsville,American,3.7,$$,353
La Esquina Cocina,Huntsville,Mexican,4.1,$$,125
116 Noble,Huntsville,Supper Clubs,5.0,,13
Catch 25 Seafood & Brewery,Huntsville,Seafood,3.5,,42
The Brass Tap,Huntsville,New American,4.2,$$,117
Hops n Guac,HUNTSVILLE,New Mexican Cuisine,3.9,$$,116
Kamado Ramen,Huntsville,Ramen,4.2,$$,97
Big Spring Cafe,Huntsville,Burgers,4.1,$,53
Taqueria El Cazador,Huntsville,Mexican,4.4,$,175
Condado Tacos,Huntsville,Tacos,3.6,,60
Farm Burger Huntsville,Huntsville,Burgers,4.0,$$,340
Hildegard's German Cuisine,Huntsville,German,4.3,$$,233
Viet Cuisine,Huntsville,Vietnamese,4.5,$$,305
Back Forty Beer Company,Huntsville,Breweries,3.9,,23
Table 28,Little Rock,New American,4.3,$$$,228
Big Orange,Little Rock,Burgers,4.2,$$,711
Petit & Keet,Little Rock,New American,4.4,$$,235
Red Bowl,Little Rock,Dim Sum,4.1,,41
The Pantry Restaurant,Little Rock,Bars,4.5,$$,495
Cafe Bossa Nova,Little Rock,Brazilian,4.4,$$,199
Sauced Bar and Oven,Little Rock,Pizza,3.8,$$,188
Maximo Cocina Mexicana,Little Rock,Mexican,3.8,,4
George's Little Rock,Little Rock,Italian,3.6,,32
Ciao Baci,Little Rock,Tapas Bars,4.4,$$,121
Layla's Market,Little Rock,Greek,4.5,$,276
Copper Mule Table and Tap,Little Rock,Cajun/Creole,3.9,,15
Bobby's Country Cookin',Little Rock,Southern,4.3,$,57
Taqueria El Palenque,Little Rock,Mexican,4.4,$,209
Heights Taco & Tamale,Little Rock,Tex-Mex,4.0,$$,398
Aji Ramen Bar,Little Rock,Ramen,4.2,$$,146
Boulevard Bread Company,Little Rock,Cafes,3.9,$$,109
La Pasadita Mexican Restaurant,Little Rock,Mexican,4.6,,18
El K’iche’ Restaurant,Little Rock,Latin American,3.0,,1
ZAZA Fine Salad + Wood-Oven Pizza,Little Rock,Pizza,4.2,$$,341
Delicious Temptations,Little Rock,Sandwiches,3.9,$,231
Kemuri,Little Rock,Sushi Bars,4.4,$$,281
The Pantry Crest,Little Rock,German,4.6,$$,102
Milford Track,Little Rock,Sandwiches,4.6,$,77
Trio's Restaurant,Little Rock,New American,4.1,$$,98
Red Door,Little Rock,New American,3.4,$$,226
The Butcher Shop Steakhouse,Little Rock,Steakhouses,3.6,$$$,148
HAM Market,Little Rock,Sandwiches,4.8,$$,16
Murry's Dinner Playhouse,Little Rock,Dinner Theater,4.1,$$$,33
Heights Corner Market and Walter's Green Room,Little Rock,New American,4.3,$$$,16
Potbelly Sandwich Shop,Little Rock,Sandwiches,3.8,$,52
La Terraza Rum & Lounge,Little Rock,Mediterranean,4.1,$$,118
Certified Pies,Little Rock,Pizza,4.0,,47
Bleu Monkey Grill,Little Rock,American,3.6,,13
Hill Station,Little Rock,Bars,3.5,$$,48
Kebab House,Little Rock,Mediterranean,4.6,$,166
Mr. Chen's Authentic Chinese Cooking,Little Rock,Chinese,4.1,$$,218
Al Seraj Mediterranean Restaurant & Market,Little Rock,Mediterranean,4.5,$$,81
Leo's Greek Castle,Little Rock,Greek,3.7,$,73
Count Porkula BBQ,Little Rock,Barbeque,4.0,,49
Cafe 201,Little Rock,Cafes,4.5,$,2
Star of India Restaurant,Little Rock,Indian,4.5,$$,382
SO Restaurant-Bar,Little Rock,New American,3.5,$$$,92
Fantastic China,Little Rock,Chinese,3.8,$$,117
Kontiki African Restaurant,Little Rock,African,4.5,,33
Cheers In the Heights,Little Rock,American,4.3,$$,80
Jimmy's Serious Sandwiches,Little Rock,Sandwiches,4.0,$,49
Homer's Kitchen Table,Little Rock,American,3.2,$$,103
Curry House Indian Kitchen,Little Rock,Indian,4.9,,13
The Purple Cow Restaurant,Little Rock,Diners,3.7,$,99
Magnolias,Charleston,Southern,4.4,$$$,3024
The Darling,Charleston,Seafood,4.4,$$,1449
Poogan's Porch,Charleston,Southern,4.1,$$,4550
The Peacock,Charleston,Breakfast & Brunch,4.6,,135
Frannie & The Fox,Charleston,Italian,4.3,$$,418
FIG,Charleston,New American,4.5,$$$,1544
167 Raw Oyster Bar - Charleston,Charleston,Seafood,4.7,$$$,3021
Husk,Charleston,American,4.0,$$$,3309
Church and Union Charleston,Charleston,New American,4.1,$$,1844
Stella's,Charleston,Greek,4.6,$$,543
The Ordinary,Charleston,Seafood,4.3,$$$,792
Island Provisions Charleston,Charleston,Breakfast & Brunch,4.6,,52
Slightly North of Broad,Charleston,New American,4.4,$$$,1809
Chubby Fish,Charleston,Seafood,4.7,,322
Fleet Landing Restaurant,Charleston,Seafood,4.2,$$,3309
Vern's,Charleston,New American,4.6,,114
AZUR,Charleston,Tapas/Small Plates,4.7,,58
Basic Kitchen,Charleston,New American,4.4,$$,521
Marbled & Fin,Charleston,Seafood,4.5,,20
Millers All Day,Charleston,Breakfast & Brunch,4.4,$$,1185
Southbound,Charleston,Cocktail Bars,4.3,,132
R Kitchen,Charleston,New American,4.6,$$,505
Sorghum & Salt,Charleston,Tapas/Small Plates,4.6,$$,432
Bedford Falls - Charleston,Charleston,New American,4.4,,80
Big Bad Breakfast - Charleston,Charleston,Breakfast & Brunch,4.3,$$,712
Prohibition,Charleston,Cocktail Bars,4.1,$$,1179
Halls Chophouse,Charleston,Steakhouses,4.7,$$$$,2933
Chasing Sage,Charleston,New American,4.5,,112
Berkeley’s,Charleston,Bars,4.6,$$,89
MESU,Charleston,Mexican,4.3,$$$,344
Little Palm,Charleston,Cocktail Bars,4.2,$$,114
Mario's Italian Ristorante,Charleston,Pizza,4.6,$$,258
Makan,Charleston,Malaysian,4.8,,4
Pearlz,Charleston,Seafood,4.4,$$,1396
Swig & Swine,Charleston,Barbeque,4.5,$$,1670
High Cotton,Charleston,Cocktail Bars,4.3,$$$,1179
Leon's Fine Poultry and Oysters,Charleston,Southern,4.2,$$,1296
Sorelle,Charleston,Italian,4.2,,192
The Glass Onion,Charleston,Southern,4.3,$$,723
The Matador - Charleston,Charleston,Mexican,4.4,$$,89
Xiao Bao Biscuit,Charleston,Asian Fusion,4.0,$$,849
The Daily,Charleston,Coffee & Tea,4.3,$$,417
Heavy’s Barburger,Charleston,Burgers,4.7,$$,154
Cru Café,Charleston,New American,4.5,$$,1201
Lewis Barbecue,Charleston,Barbeque,4.7,$$,2031
Indaco,Charleston,Italian,4.3,$$$,695
Konnichiwa Charleston ,Charleston,Japanese,4.4,$$,71
Babas on Cannon,Charleston,Cafes,4.6,,168
Bearcat,Charleston,New American,4.4,,24
The Select,Charleston,New American,4.8,,4
Gallier Restaurant & Oyster Bar,New Orleans,Seafood,4.3,$$,1565
Café Amelie,New Orleans,Breakfast & Brunch,4.3,$$,3096
Commander's Palace,New Orleans,Cajun/Creole,4.3,$$$,5763
Oceana Grill,New Orleans,Cajun/Creole,4.2,$$,9484
Cochon,New Orleans,Cajun/Creole,4.2,$$,5106
The Will & The Way,New Orleans,Cocktail Bars,4.4,$$,254
Mamou,New Orleans,Brasseries,4.6,$$$,73
Mambo's,New Orleans,Cajun/Creole,4.2,$$,2522
Zesty Creole,New Orleans,Cajun/Creole,4.6,$$,351
Sofia,New Orleans,Italian,4.5,$$,510
Ruby Slipper CBD,New Orleans,Breakfast & Brunch,4.3,$$,6977
Willa Jean,New Orleans,Bakeries,4.3,$$,2466
Cochon Butcher,New Orleans,Sandwiches,4.5,$$,4498
Luzianne Cafe,New Orleans,Breakfast & Brunch,4.3,$$,168
Irene's,New Orleans,Italian,4.4,$$$,1157
Pêche,New Orleans,Seafood,4.3,$$$,2477
Luke,New Orleans,French,4.2,$$$,5182
Bésame,New Orleans,Tapas/Small Plates,4.7,$$,220
Acme Oyster House,New Orleans,Seafood,4.1,$$,8714
Restaurant Rebirth,New Orleans,Cajun/Creole,4.6,$$$,656
Evangeline,New Orleans,Cajun/Creole,4.2,$$,891
Muriel's Jackson Square,New Orleans,Cajun/Creole,4.3,$$$,2413
Brennan's,New Orleans,Cajun/Creole,4.2,$$$,2047
GW Fins,New Orleans,Seafood,4.6,$$$,3145
Napoleon House,New Orleans,American,4.1,$$,1775
Rampart Treehouse,New Orleans,Pizza,4.3,,132
Two Chicks Cafe,New Orleans,Breakfast & Brunch,4.5,$$,1153
Maypop Restaurant,New Orleans,New American,4.4,$$$,772
Lufu Nola,New Orleans,Indian,4.7,,128
Two Chicks Café - CBD,New Orleans,Breakfast & Brunch,4.7,$$,646
Cafe Sbisa,New Orleans,Southern,4.4,$$,663
Carmo,New Orleans,Seafood,4.4,$$,1425
Morrow Steak,New Orleans,Steakhouses,4.3,,26
Cafe Du Monde,New Orleans,Cafes,4.1,$,3647
Sylvain,New Orleans,Southern,4.2,$$,1275
Royal House Oyster Bar,New Orleans,Cajun/Creole,3.8,$$,5746
Olive,New Orleans,Lebanese,4.7,$$,365
Cafe Porche and snowbar,New Orleans,Breakfast & Brunch,4.9,$$,253
Mr Ed's Oyster Bar - Bienville,New Orleans,Cajun/Creole,4.3,$$,1950
Dahla,New Orleans,Thai,4.5,$$,99
Atchafalaya Restaurant,New Orleans,Cajun/Creole,4.4,$$$,2355
Jack Rose,New Orleans,Cajun/Creole,4.4,$$$,455
Trenasse,New Orleans,Wine Bars,4.2,$$$,1329
Three Muses,New Orleans,Jazz & Blues,4.1,$$,1237
Arnaud's French 75 Bar,New Orleans,Lounges,4.4,$$,528
Bearcat CBD,New Orleans,Coffee & Tea,4.4,$$,619
Creole House Restaurant & Oyster Bar,New Orleans,Cajun/Creole,3.9,$$,2549
The Apothecary,New Orleans,Psychics,4.2,$$,104
Coquette,New Orleans,New American,4.3,$$$$,890
Bao Mi,New Orleans,Asian Fusion,4.6,$$,39
The Pig & Pint,Jackson,Barbeque,4.5,$$,1090
Eudora’s Mississippi Brasserie,Jackson,New American,4.3,$$$,73
The Manship Wood Fired Kitchen,Jackson,New American,4.3,$$,641
Lou's Full-Serv,Jackson,New American,4.5,$$,345
Elvie’s,Jackson,Breakfast & Brunch,4.3,$$,150
Saltine,Jackson,Southern,4.2,$$,504
Pulito Osteria,Jackson,Italian,4.5,,43
The Iron Horse Grill,Jackson,American,4.0,$$,560
Walker's Drive-In,Jackson,New American,4.5,$$$,251
Zundo Ramen & Donburi,Jackson,Bars,4.3,$$,48
Keifer's Restaurant,Jackson,Greek,4.0,$$,156
Bully's Restaurant,Jackson,Barbeque,4.7,$,193
The Shoe Bird Cafe,Jackson,Cafes,5.0,,1
Rooster's Restaurant,Jackson,American,4.0,$$,174
1908 Provisions,Jackson,Southern,4.1,$$,57
Sugar's Place,Jackson,Soul Food,4.4,$,62
Corbans-Too New Orleans Restaurant,Jackson,Cajun/Creole,4.5,,22
Stamps Super Burgers,Jackson,Burgers,4.7,$,208
Brent's Drugs,Jackson,American,3.7,$,185
Aladdin Mediterranean Grill,Jackson,Greek,4.4,$$,246
The Station,Jackson,Pizza,3.7,,16
Bettina's Soulfood Kitchen,Jackson,Soul Food,4.7,$,30
Tuk Tuk Boom,Jackson,Thai,4.3,$$,74
Fondren Public,Jackson,Gastropubs,4.1,$$,50
Thailicious Restaurant,Jackson,Thai,4.5,,47
Trio Eatery,Jackson,Southern,5.0,,1
Green Ghost Tacos,Jackson,Mexican,3.7,$$,126
Char Restaurant,Jackson,Steakhouses,4.2,$$$,369
Sal & Mookie's,Jackson,Pizza,4.1,$$,346
Sunflower Oven,Jackson,Bakeries,4.2,,5
Kyuramen x TBaar - Jackson,Jackson,Ramen,4.2,$$,32
The Bean,Jackson,Coffee & Tea,4.4,$,89
Ole Tavern on George Street,Jackson,New American,3.8,$$,70
Estelle Southern Table,Jackson,Wine Bars,3.6,$$,69
Broad Street Baking Company,Jackson,Bakeries,3.9,$$,148
Basil's Fondren,Jackson,Delis,4.3,$,49
BRAVO! Italian Restaurant and Bar,Jackson,Italian,4.3,$$,199
Gloria's Kitchen,Jackson,Soul Food,3.9,$,42
The Pearl,Jackson,Tiki Bars,4.0,,7
Amerigo Italian Restaurant,Jackson,Italian,4.5,,10
Little Tokyo,Jackson,Sushi Bars,4.3,,6
Martin's Downtown,Jackson,American,3.7,$$,64
Steve's Uptown Cafe & Bakery,Jackson,Cafes,4.0,$$,20
Aplos Simple Mediterranean,Jackson,Mediterranean,4.0,$$,149
Crazy Cat Eat Up,Jackson,Bakeries,4.6,$$,70
Library Lounge,Jackson,Lounges,3.9,$$,60
Crawdad Hole,Jackson,Cajun/Creole,4.1,$$,84
Highball Lanes,Jackson,Bowling,3.5,,24
Johnny T's Bistro & Blues,Jackson,New American,3.7,$$,94
Nissan Cafe By Nick Wallace,Jackson,Cafes,5.0,,3
